date,station,pm25_mean,pm25_max,pm25_min,pm10_mean,pm10_max,no2_mean,aqi_pm25_mean,pollution_index_mean,is_rush_hour_sum
2025-08-25,Estación_Centro,24.00591127452862,39.647995536584766,12.434037891093318,63.99027520992814,99.58320905632168,45.10264944117664,75.71417673566087,0.4787327060375007,6
2025-08-25,Estación_Este,19.51621826441169,33.93115375246741,7.99387723749813,52.2887082971118,78.21748002851275,24.443928255437665,65.52226447668099,0.4345903295641439,6
2025-08-25,Estación_Norte,40.22218859849072,61.05707549205084,17.60882952388113,48.09848529097789,80.79015787037372,36.18348226552732,111.78231885761753,0.5582713694072505,6
2025-08-25,Estación_Oeste,37.82139025228611,60.95564197994075,16.164370648060554,33.36341774039029,62.89681197540041,44.87919604961902,106.74716520526012,0.5047486711719814,6
2025-08-25,Estación_Sur,21.4757664224723,33.962306818214785,11.11142429243236,58.23090921912591,88.71227064770261,45.83164349863655,70.05093166563134,0.5165624768484884,6
2025-08-26,Estación_Centro,28.142647076119918,44.26059271607152,14.0349302174062,61.6965849400676,100.99130896752048,45.51808638156216,84.70964492826799,0.4962226768406323,6
2025-08-26,Estación_Este,17.67378715440034,30.63529882769693,5.25934380244692,42.60053154229532,69.3932039582405,26.72978755592266,61.2582584662626,0.3925974199727373,6
2025-08-26,Estación_Norte,38.40092690788917,63.1648867257403,17.33918952478068,47.92919257305778,81.07270101826272,35.931928544073294,106.8715647670954,0.5546495157502253,6
2025-08-26,Estación_Oeste,37.83935944506765,54.72527271543717,16.607273472783472,29.48928675053141,54.87568402768525,44.13636504607007,107.04296158574552,0.486014814068221,6
2025-08-26,Estación_Sur,20.55714699295561,37.31213930299363,4.87457499237008,57.85266349701634,91.67624601345582,46.79959668480253,67.05181736592232,0.504071151688699,6
2025-08-27,Estación_Centro,25.77523618377573,39.11819941022879,4.793129073250176,61.26591003575218,99.45885181227884,44.088351153311976,78.83586680752498,0.468442990081704,6
2025-08-27,Estación_Este,18.785937843296125,34.27067313291981,5.727666321096007,45.280405091629625,85.79591596267872,23.26225029187358,61.92486597570104,0.4019653970553942,6
2025-08-27,Estación_Norte,39.626479723773016,62.16801762175487,19.44567436719037,47.594546422364544,90.27648125063502,37.86268120389318,110.26569733535509,0.5621546481779556,6
2025-08-27,Estación_Oeste,37.5432836990338,59.24771245175938,17.98663040167095,30.22345128462734,57.660876806405206,43.31438515438446,105.90679326082008,0.4835217434545297,6
2025-08-27,Estación_Sur,19.842889414971317,31.345402767380403,9.585034174394394,62.83584709198132,95.5509740514177,48.54821910204796,66.42124938664159,0.5239017611550351,6
2025-08-28,Estación_Centro,26.19376642939532,44.64792168260548,12.969444883524371,59.68922483051701,103.11744743913198,42.09682342756556,80.51356231738247,0.46580254369013,6
2025-08-28,Estación_Este,20.047625462140864,31.99691211109402,11.943381463318818,48.23990913180271,75.95134689800719,26.573619286951114,67.05916445839348,0.4226778646053424,6
2025-08-28,Estación_Norte,36.96072683167215,56.81429446653497,16.715246192177798,47.71265984604441,86.61938538831149,38.20998221689965,105.12079449850371,0.5463907595943648,6
2025-08-28,Estación_Oeste,35.67885844888906,60.16544345463829,14.88763191759684,28.57463451786749,57.28138603704989,43.57217373389272,101.68674782468982,0.4795728441838021,6
2025-08-28,Estación_Sur,20.54701055732613,34.02919217874784,5.139108742714495,61.63435109038479,97.1373963279019,46.82792837570658,67.55790242982981,0.5235555956979622,6
2025-08-29,Estación_Centro,25.095214105693003,41.94559945838692,7.406029098258054,59.22871171432372,98.2485976255753,44.961275482059726,77.3618425738743,0.4633638374752469,6
2025-08-29,Estación_Este,16.19824364075988,27.76332027348236,0.0,47.20169798330911,77.67671376195635,22.454859293505915,56.80470616098401,0.386144876776975,6
2025-08-29,Estación_Norte,38.80859759821314,62.22992676946555,21.39115514699493,45.55404044215924,76.90949461559516,36.805923798128426,108.30208850035554,0.5461665505882175,6
2025-08-29,Estación_Oeste,37.51489485128331,59.079009051944695,17.80138688916808,34.15064321604583,58.72718751746476,41.98212523770494,105.92243306361412,0.4954372512336595,6
2025-08-29,Estación_Sur,20.149799099760447,44.29458655329688,2.188372609966285,58.60859747844908,93.8210939962303,44.7093887361834,66.30095431177791,0.5056805060583996,6
2025-08-30,Estación_Centro,21.01558629062443,39.24488907807155,8.485680429512286,47.90450772697236,79.98142660199665,35.72842390298376,68.8176889222266,0.3814431599693093,6
2025-08-30,Estación_Este,15.851493600727762,27.062774634596074,9.017633830416347,36.91646717579643,58.80741642027149,18.546306593229158,57.21758187431004,0.3268981589753075,6
2025-08-30,Estación_Norte,32.002255279297145,50.44761630437979,6.991354721209863,39.50708727114899,56.74387192212218,27.57368374086461,93.19873940774546,0.4501955543939038,6
2025-08-30,Estación_Oeste,28.468072675121157,47.61040958204602,11.660491397159085,21.152977311608755,42.9098109143504,34.62716702194689,85.53002568278538,0.3697622356984619,6
2025-08-30,Estación_Sur,16.591890769203648,30.724713697539062,6.717133690841639,51.48551956579463,82.83201753309969,35.99478946731181,58.23423672747492,0.4171051153892111,6
2025-08-31,Estación_Centro,19.714377268530875,32.71119306930525,8.797563612294244,45.7784073212882,89.39542924436412,36.62912615232437,65.57742253602324,0.361484007064526,6
2025-08-31,Estación_Este,16.455375457959327,29.15619091605272,5.667636331000908,35.68239189405031,58.25695580823428,17.820792117118526,57.665934514843286,0.3248132964954169,6
2025-08-31,Estación_Norte,31.65928486271173,48.40755029845027,15.895735986532616,40.49234615131878,65.2431737595435,28.381119723810347,92.8327191384044,0.4446554488681198,6
2025-08-31,Estación_Oeste,29.947213361787856,49.04476691092417,14.93752239244914,25.69887208377133,48.22568626055737,33.84295578962509,88.90331753181572,0.3960928397062619,6
2025-08-31,Estación_Sur,16.449204875102666,25.2180048135252,2.015824259746568,46.71480593020243,76.64570542130365,36.61996366601856,57.96995197987669,0.4040053263923793,6
2025-09-01,Estación_Centro,25.301617965636805,41.11025555814759,9.058769647593778,62.988490710538656,98.88659438843663,42.071425504115226,78.250743570961,0.4750689699610004,6
2025-09-01,Estación_Este,19.073829872859363,30.375181698187884,2.491030517643159,44.183203078787024,71.19650786087223,28.92500134167849,63.17809741845437,0.4135380562568092,6
2025-09-01,Estación_Norte,39.09002268894299,63.01910125810191,18.44269096271285,44.33305891944469,77.56602604437201,34.89713119471494,109.40320249640196,0.5361744874902267,6
2025-09-01,Estación_Oeste,36.82361100058744,56.64966440838709,20.3101431656152,25.379733916360426,42.63823149739307,45.566277709199774,104.68133715797158,0.4796601802879324,6
2025-09-01,Estación_Sur,22.6481440508626,37.38742131563684,9.305235107898527,59.74998554922399,102.46319109002124,45.994096854023866,72.43744285952552,0.5264020613746646,6
2025-09-02,Estación_Centro,25.139400315912653,41.60798446204527,11.502454493348738,62.64736310008912,97.6993271934845,41.59770322697759,78.09429951407915,0.4795827903417208,6
2025-09-02,Estación_Este,19.6341665984321,35.623355663948715,7.666655679339687,45.31418925360602,87.62933580320544,27.015930051730816,65.30554833938446,0.4182594747857281,6
2025-09-02,Estación_Norte,39.8814293770126,62.33436852423488,21.453320464721525,48.96946040401275,81.00730704526532,36.83952253070448,110.65838450967296,0.5577482525605072,6
2025-09-02,Estación_Oeste,39.76259471754548,58.80121385386602,25.36707168540528,31.6141443154267,70.70516934576445,44.446361782951975,110.90085987414876,0.5129050019842983,6
2025-09-02,Estación_Sur,21.606453605079636,34.28477947575527,3.896164139425535,56.66215580458739,85.62894161011106,42.02408598894507,69.67928832748969,0.5036075539885454,6
2025-09-03,Estación_Centro,25.017685962980504,44.20187317967344,13.807795520226872,60.979812248638886,103.1406474956924,43.53239861142259,77.96747646626376,0.4774574751171979,6
2025-09-03,Estación_Este,19.442810484952307,33.004267478566334,1.5441209179092326,44.43187258657542,72.34285937453035,30.09757351869416,64.43809245099295,0.4208643186593003,6
2025-09-03,Estación_Norte,38.115520805788606,64.54612063220895,17.13407936243665,49.08470197570447,73.96601851757742,33.971716523954136,106.55073478194328,0.5357877046521253,6
2025-09-03,Estación_Oeste,37.20542961467836,61.31925629653553,21.293372761314583,30.437094960216687,56.52053599602486,46.58785467339906,105.0087168945758,0.4948153076273048,6
2025-09-03,Estación_Sur,21.495677723817327,35.4377180982808,12.758003141216914,56.605761232571176,101.33257112760988,44.61391903394016,70.15250574415943,0.5077868563616798,6
2025-09-04,Estación_Centro,28.326102351813645,46.63479427594228,15.70585942204216,59.61674608306093,109.28738938026264,42.748350989094654,85.14297768645672,0.4752644513443178,6
2025-09-04,Estación_Este,20.155415799913108,33.52126528512495,3.7270972633182833,47.75101804293488,87.77614866536462,27.25269703265565,66.14848048967643,0.4273020342774194,6
2025-09-04,Estación_Norte,38.4798813780291,61.38908320640914,20.904375891459573,51.68950756594677,84.35413089597483,37.73294376891194,107.77410434006656,0.5573005945122704,6
2025-09-04,Estación_Oeste,39.038285664641656,62.01600488298649,20.10076930356312,30.1355747021349,49.017826122477786,44.93754939838792,108.77936062405595,0.4984207274776764,6
2025-09-04,Estación_Sur,21.19804993731978,38.1412532199905,11.071072809857784,59.57099676990311,97.04959913219022,45.42812600594138,69.50394007283495,0.5247004949334378,6
2025-09-05,Estación_Centro,25.90063349113882,40.56207970088191,7.006353511492147,59.99024780269813,98.23192168392907,42.20353082381084,79.3886925878997,0.4685416260795093,6
2025-09-05,Estación_Este,17.016421311590673,27.468483693865817,2.180387119600713,43.00148471848408,69.3132493677764,24.3618572401166,59.08271265252271,0.3842139180319686,6
2025-09-05,Estación_Norte,40.48578486033509,58.203260842463024,24.260463471737697,49.25550239896784,92.56031228577976,33.78603911552617,112.65886067302468,0.5583667670450329,6
2025-09-05,Estación_Oeste,38.32733970266133,56.3485444726922,20.08571211465506,33.223670801744746,64.21709729990866,43.90451874491645,108.02406979255515,0.5074760915073394,6
2025-09-05,Estación_Sur,19.884416790617184,33.09194765336345,3.557434893565212,59.69257547017123,88.93957465792222,44.40096588844273,65.16468491890298,0.5009623399431614,6
2025-09-06,Estación_Centro,20.36209712102404,37.71314585768069,10.217530674566046,47.01684787830217,72.69793536246935,35.47505111100087,67.30706617989546,0.3715218816863659,6
2025-09-06,Estación_Este,15.474353173813542,37.5908355090757,3.790588827519004,35.59557188552933,52.26184649679657,19.68490625843765,54.73462919065313,0.3255975869836637,6
2025-09-06,Estación_Norte,32.04325895247978,47.22174439114722,16.01620263956929,37.217271147831205,72.91384086021823,28.526573783854133,93.55895824814928,0.4385567524532949,6
2025-09-06,Estación_Oeste,30.37972393182726,48.54029682979734,12.805905498823693,24.37793314619124,52.67473634091564,34.480737471225126,89.86510964655594,0.3943001935254,6
2025-09-06,Estación_Sur,17.003312883993,32.37723793436968,8.534199393656161,47.25637243029519,71.62622948159844,37.21725854455018,59.771303813186925,0.4085943858081144,6
2025-09-07,Estación_Centro,22.31936389218865,38.55932884953627,7.157718554438693,52.52581867049025,90.13049193851296,34.490034867049864,71.27910875489799,0.4024614254402616,6
2025-09-07,Estación_Este,13.908680618595652,29.59201164929152,2.155312748358069,35.66148535277339,72.3735050876224,19.806845191459207,49.986349030045126,0.3118316465360481,6
2025-09-07,Estación_Norte,31.07767689683396,47.056446087362495,13.70193663786924,39.00154414427211,69.62602784831299,27.522750229296463,91.37439783687188,0.4378301815793621,6
2025-09-07,Estación_Oeste,30.77896290234578,49.73623998182563,13.942141838217198,24.60603747458868,52.31706710684824,35.61627967910544,90.58288374998992,0.3943207928239989,6
2025-09-07,Estación_Sur,16.799371214721365,36.91660364299209,2.1052740785912114,46.53085773680832,75.81253490589685,33.652422614924205,57.63496047295669,0.3947878671759218,6
2025-09-08,Estación_Centro,25.142165739590084,44.214529161936966,8.543385749428785,57.12864508075242,95.47140337199886,45.254609666160746,77.8566055731394,0.4496029772071583,6
2025-09-08,Estación_Este,19.8468942134383,30.709968517728583,8.743873707989435,48.68089182198907,87.6219343049186,26.3314659339263,66.09886457208584,0.4238231787459568,6
2025-09-08,Estación_Norte,38.03080185676228,65.83400237643427,19.32653260857954,50.09197079031515,73.66633237924663,36.047335515546656,106.36610340822229,0.5433636914310233,6
2025-09-08,Estación_Oeste,34.99662972373249,58.856614803327446,13.622233287634971,32.392867242038584,48.29408613874885,44.37875734800144,100.08250614541346,0.4784006955098906,6
2025-09-08,Estación_Sur,19.556423907543053,37.948813977868326,11.04489770386673,53.21580668027122,110.91651249676356,41.825573278556725,65.83580443292497,0.4840788380726081,6
2025-09-09,Estación_Centro,24.92711556645401,44.08342225134452,7.801293871354579,61.05580105626044,100.23613582767663,41.55883826779959,77.310668224964,0.4660312281473406,6
2025-09-09,Estación_Este,20.274516904279785,33.508023547596906,9.093307925045206,40.361626248509,79.62353738375799,26.794464142496963,67.04707501228202,0.4021044707762881,6
2025-09-09,Estación_Norte,37.90849542040903,62.29335117276527,22.45328511054545,53.064321808785024,76.47145746335003,34.90855038051581,106.59635889599578,0.5518851810943095,6
2025-09-09,Estación_Oeste,35.0858561346144,56.34018502081204,17.500591705527334,34.53217224416004,54.70072614977445,43.23670481083624,100.66910501105455,0.4828740060275781,6
2025-09-09,Estación_Sur,20.02828222024783,40.74614915479332,2.8850740187701582,62.669671893289184,108.9906715718166,45.2091799411612,65.67343626693146,0.5227886414329151,6
2025-09-10,Estación_Centro,25.47771626111268,41.01887203001178,10.326535079304012,63.53716683281628,94.51179237852584,45.02722194244157,78.74769676670834,0.4802842130212916,6
2025-09-10,Estación_Este,19.90177406413827,36.31461595060886,6.720572289533777,44.83762443875951,75.60326919379622,27.539215512622707,65.9013358190535,0.4142411747227794,6
2025-09-10,Estación_Norte,38.268042319155775,62.08072051816124,12.870822698600811,45.87199439157289,76.82172491172207,33.14241604667513,107.20254925146374,0.5371251682981258,6
2025-09-10,Estación_Oeste,36.25829996947239,54.52486797735956,10.165758995435636,30.844051276874143,53.52887270141217,42.673417512769824,103.20278635143946,0.4775167183481672,6
2025-09-10,Estación_Sur,22.340606139518624,39.64291487436154,9.318278535733873,58.07883177491181,98.97183266535828,42.67490323440125,71.83288659817391,0.4988291273657527,6
2025-09-11,Estación_Centro,24.524611001196373,43.44106739776358,5.773202406087709,58.492613521260445,93.00827170162526,44.721106181242114,76.01128693295642,0.4574265128366796,6
2025-09-11,Estación_Este,18.78797206289703,34.698556451462935,7.049402103473521,46.332098073915205,76.25524915069803,25.8232362840904,63.56857871470566,0.4050946932704805,6
2025-09-11,Estación_Norte,39.53481017687076,61.86569117855979,20.480198480593167,50.8138800321716,93.6649064077703,37.13183136445336,110.32308256028766,0.568118024688962,6
2025-09-11,Estación_Oeste,35.43973703001941,58.532451405560174,12.502469859429752,30.332361908520227,53.38125042235481,41.81011537938268,101.49901385679624,0.4769679126872291,6
2025-09-11,Estación_Sur,20.10417792477592,39.27002537752024,6.228525046374145,60.61642608711136,91.32958151329244,46.30864691135101,66.48955727059762,0.5097258633132759,6
2025-09-12,Estación_Centro,25.20586684436715,42.56049371780571,7.817410157189267,60.464626664321486,105.47784780111392,43.86743176357032,78.04785200188,0.4707500240857851,6
2025-09-12,Estación_Este,18.75370509042864,37.10282942830944,1.761778632634634,45.19796032278032,84.21181912167691,24.944373264740573,62.14587756520058,0.406130365023226,6
2025-09-12,Estación_Norte,39.44800258590482,63.40875039839876,19.886513904244428,48.57357471083291,85.12124198839771,36.17581473183851,109.49929688045285,0.555450826840019,6
2025-09-12,Estación_Oeste,36.15135947214393,55.91050101913784,17.416087001703822,29.520966399465497,55.88853710486407,43.57182522854412,103.23017308578538,0.4720895453637015,6
2025-09-12,Estación_Sur,20.66272919651417,38.58461426144356,5.308558293107682,63.49743626949134,109.6576437508365,46.38910271106593,66.697272191726,0.528147330367157,6
2025-09-13,Estación_Centro,21.883307322615156,37.08553574672071,11.600382101179724,50.22705646088227,85.02457780329337,32.56851560350627,70.9847965345813,0.3790942599753755,6
2025-09-13,Estación_Este,16.99714506595057,26.812142009373726,5.285127288415567,34.23158339581044,60.62577497171206,21.62839256788779,58.50265850173423,0.3272199402089371,6
2025-09-13,Estación_Norte,31.5953784881538,51.26666858274307,14.109747183645982,39.525842433439,66.50997340211632,28.13068998868871,92.87531189778676,0.4538615776894021,6
2025-09-13,Estación_Oeste,30.05264039284345,51.83534998239208,15.741392909778623,25.092269611332046,43.7184169036648,35.34266888883594,89.15986998572232,0.3914456665880938,6
2025-09-13,Estación_Sur,16.97480857343384,30.33264116325292,3.4209297238495218,45.54314323671053,83.5173132659917,37.75572112128432,58.64640458494822,0.4143642785944951,6
2025-09-14,Estación_Centro,21.59515159179852,36.77644152251664,5.415598593654005,46.87647852209298,81.20374097367203,34.631579793670504,69.67673849076957,0.3839494361829863,6
2025-09-14,Estación_Este,12.998613457568489,22.87212767683221,0.9110314435921651,32.85946741227885,61.15107895535126,20.14741948365548,48.22241766013712,0.2935532672718666,6
2025-09-14,Estación_Norte,31.35838179606404,56.87275864414897,12.36785567846371,41.28190055890882,72.99902013026619,28.58868345505007,92.15998323331958,0.4591456657845676,6
2025-09-14,Estación_Oeste,30.26460150584561,50.049338282348415,15.980136351383615,26.78525053287555,53.76858850174536,38.42616718429445,89.6911501059766,0.4084237615468285,6
2025-09-14,Estación_Sur,15.911002381870858,29.94809136515999,4.613755196003307,47.55926539644898,82.10882860825909,34.999089452152326,57.08474972405887,0.4036603353822646,6
2025-09-15,Estación_Centro,24.57198607222487,37.53922739847036,11.607702096901344,58.78043394409915,102.4949751183706,42.03443581083789,76.75062239818608,0.4559154873178415,6
2025-09-15,Estación_Este,20.306761877569283,35.29466281811735,5.134478127618762,46.0277097177696,88.13636851408617,24.569813498511348,66.54420083642293,0.4193179363858433,6
2025-09-15,Estación_Norte,35.89711108591916,56.0870379726263,17.563365445693254,48.12068102618269,87.88483567454253,35.69232236115404,102.48397473464075,0.5314101738464537,6
2025-09-15,Estación_Oeste,36.63230289603644,62.95268590260264,10.111730120153364,30.778331644436932,55.81030702889949,47.171570645738335,103.545125430106,0.4863357698373114,6
2025-09-15,Estación_Sur,19.91279756098857,31.975114096120056,6.407703739445194,56.42273384398859,86.76890999195932,45.77235176390465,66.30374306911988,0.4934431194708244,6
2025-09-16,Estación_Centro,25.5079629776814,45.1372898200184,11.36855820081604,59.25656817209353,98.49292967035294,44.46180171675156,79.03203180119255,0.4741377369061356,6
2025-09-16,Estación_Este,19.39006531273161,39.04369427214075,11.11008284287507,44.67435872554976,89.27276519380723,25.98442005095838,65.55045992588693,0.4138722979216342,6
2025-09-16,Estación_Norte,39.29850544098616,64.92613390331567,20.89529029952513,45.43735010094807,80.8261211221893,37.91630885945739,109.31279272681591,0.548772774350434,6
2025-09-16,Estación_Oeste,38.0355371998152,59.59862975025048,18.09483136911415,32.10075305201989,68.027415844828,46.0287302985296,107.11185463338978,0.4963440327397628,6
2025-09-16,Estación_Sur,21.551601733210983,38.49495257946453,7.613987191120015,58.67474044503812,99.76518043037753,44.50379106885892,69.89833553658362,0.507500715569668,6
2025-09-17,Estación_Centro,26.095728576933613,46.28647608244997,11.252407198479348,62.123726327653934,113.79425365272658,45.729986761846895,80.13020947313852,0.4823971580511788,6
2025-09-17,Estación_Este,17.999118495423737,25.747305677140087,6.173953254606046,42.53984528083448,84.86214645041225,27.119438166426463,62.07254874276276,0.3915186355785421,6
2025-09-17,Estación_Norte,37.26246174779868,55.58321701685694,18.287985499830384,50.432168413033885,70.10462130999059,35.62382211921276,105.83395341365112,0.5397498501524848,6
2025-09-17,Estación_Oeste,35.307552436036104,55.52087968344564,12.503801677472996,29.421329133843795,57.217710876985,44.52934500886218,101.23325962611656,0.4760174733814373,6
2025-09-17,Estación_Sur,21.355521271999688,38.16964416207752,8.25058113430536,57.445706459391175,106.1997553727822,48.45015976735388,69.35275881236655,0.5137887424205884,6
2025-09-18,Estación_Centro,24.610083450159284,38.0251939809909,9.574379294081709,58.98707605499002,94.02352644387028,44.3227505339496,76.63267868378901,0.458082264229251,6
2025-09-18,Estación_Este,20.27732523951111,40.44883904757949,7.014929987066663,46.08681222876552,76.27670918158009,24.45114291116879,66.66703769102598,0.4195272099624758,6
2025-09-18,Estación_Norte,37.324204800002505,58.88206510986766,18.713404179641536,48.28997928860117,91.228398387,33.69810943133229,105.48737002313312,0.5354362859988016,6
2025-09-18,Estación_Oeste,36.99483339131029,54.16894720727891,19.16537029749402,32.85862850114331,61.477739640754734,44.210266424742336,105.1935284798721,0.4940823984456947,6
2025-09-18,Estación_Sur,20.711758922547507,36.84720307170196,3.61565551110451,62.56915763319344,91.11422337923526,46.24470406113732,67.61146723351162,0.5189348617581834,6
2025-09-19,Estación_Centro,24.24519472346869,42.96215028200935,11.989304521714653,59.84051170581896,96.42746641794793,46.06097322331632,76.23728341335753,0.4535743565294909,6
2025-09-19,Estación_Este,18.718968159087336,29.709375256498497,6.603576346070788,50.1826014600666,79.65952316379949,28.33132551628974,63.328146945495405,0.4332279399601197,6
2025-09-19,Estación_Norte,39.18176301884872,65.39395815997551,21.35475874619265,49.12794037099332,85.3246046413557,37.11287029243564,109.01828791462508,0.562731252435451,6
2025-09-19,Estación_Oeste,36.82666036836428,60.98845642706648,21.46641943542197,31.134668990249693,59.152109476299984,41.1275703037728,103.82815630281408,0.4772209848754663,6
2025-09-19,Estación_Sur,19.81607358259516,32.60158571986379,7.645340430113704,60.596407118927054,109.0394527273408,46.01019184747364,65.58515366141276,0.5064048862278708,6
2025-09-20,Estación_Centro,19.284105162524806,33.036318277626044,7.261882060730386,48.42237893506952,86.60012792278718,34.0907430228931,64.66206444351029,0.3711727135845532,6
2025-09-20,Estación_Este,15.413641730285017,28.352995375757605,5.140403117956714,35.07218746026722,59.08297415588287,19.27773668082336,55.33405902483066,0.3159651431287067,6
2025-09-20,Estación_Norte,34.14437769604641,51.90454705486696,14.352694216830646,37.78319898489572,74.80718905118185,26.294499700143344,98.59520507793792,0.45137433410069,6
2025-09-20,Estación_Oeste,31.67210003049857,49.45793012819551,10.08818627079965,23.140063386361376,53.8618506304629,34.58198023947709,92.78189698829806,0.4015464042768788,6
2025-09-20,Estación_Sur,17.01541663992922,30.97223570699801,1.8446100240877603,50.942988494158506,84.86747229459723,35.31194537003415,57.98626034295273,0.415202577210187,6
2025-09-21,Estación_Centro,19.28225959461389,30.276478724541143,4.135047437452112,47.68577871699745,70.5525994325098,32.926883243232616,64.72337125457905,0.3628126150885838,6
2025-09-21,Estación_Este,15.368351731465753,24.926588547551432,4.503109889533254,35.68335769064743,68.34929149640092,21.31720272766705,55.08380382584607,0.326404720780563,6
2025-09-21,Estación_Norte,30.889221627427634,46.53483080658701,18.615831640335948,42.27226066275526,64.71837803838262,26.73332293497595,90.979689025627,0.4503418564928637,6
2025-09-21,Estación_Oeste,29.069646697423764,53.84046245971817,12.659815176822908,23.374405054726704,53.27233172709885,37.610283808363285,87.14558268849835,0.3951470811581758,6
2025-09-21,Estación_Sur,17.721221847312137,30.35769216544952,5.957645142718993,51.04918737401713,73.33100031094862,36.09355821375095,60.8670568155926,0.4272027045371138,6
2025-09-22,Estación_Centro,26.00287101280603,35.44702937910732,7.158422783625525,59.05203963633289,94.28125331854952,44.951415834320194,79.42602844883372,0.4727210532487881,6
2025-09-22,Estación_Este,19.94064909804511,32.94001645888579,7.429788314624817,44.95481849514326,79.4117590456554,25.41842111303056,65.83778991827403,0.4084817248572025,6
2025-09-22,Estación_Norte,38.17020258082815,61.41019147287349,14.74661255121736,48.18879427366187,88.54225377422568,35.90303719295094,107.16178418374425,0.5485382330627834,6
2025-09-22,Estación_Oeste,39.06684016904072,61.47170435270344,19.87974115327464,35.15426385352451,66.95314765886592,42.84442851239171,108.88167190218172,0.5197282917508707,6
2025-09-22,Estación_Sur,21.06349024626147,40.7301211323101,6.924244087193507,58.51207565465301,97.08298802113092,44.23003258726592,68.68894828050723,0.5079083119004545,6
2025-09-23,Estación_Centro,23.942073805535603,40.02214063878474,13.364659298203762,62.03239785815406,90.08482059500822,42.146140228055,75.54735188285731,0.4587233196537243,6
2025-09-23,Estación_Este,18.1771604842063,30.298322487960096,7.540524863246386,47.97193151822117,77.82335402433313,25.44197648747525,62.04943589467501,0.4056281075147259,6
2025-09-23,Estación_Norte,40.21083716913876,63.38704540703323,19.31102057762084,49.93595161852653,82.57004520054875,37.01480408090574,111.44488079140724,0.5655956223943325,6
2025-09-23,Estación_Oeste,37.868439120166826,57.558263929747966,18.536123072049524,29.56116934135734,57.78214688966776,43.29469110066997,106.79731666886568,0.486390013153444,6
2025-09-23,Estación_Sur,19.505161419421245,39.406578741066326,7.113055285947188,61.73883051290293,107.16124235738612,45.26946694224219,64.73594287170562,0.5096226134571856,6
2025-09-24,Estación_Centro,25.03991211254216,51.003769406559925,4.744553550379258,63.72440519459303,98.84569932613628,42.4850590204067,77.31912896192755,0.4716597113158977,6
2025-09-24,Estación_Este,19.9490007079604,40.25413251903676,8.068199890075874,44.47244711485418,74.6007507812992,25.44337383431217,66.01879464376151,0.4115566377333368,6
2025-09-24,Estación_Norte,36.17567281820728,57.45184747951493,18.400151234774786,50.87093994914469,80.22888531118099,34.73877517730733,103.15188517388845,0.5467470349246616,6
2025-09-24,Estación_Oeste,36.46448220068459,62.50587026358234,17.751786952692335,31.1610458803132,46.99502843178914,45.47820155795484,103.11379604180416,0.4890583163939039,6
2025-09-24,Estación_Sur,19.59147226768656,34.87559233122205,7.160039693985668,62.61784847238744,96.06228362429329,45.483681496009694,64.82694784879972,0.5082889365023061,6
2025-09-25,Estación_Centro,25.712114486753556,47.343950760081086,10.201911378837794,59.60045813420586,88.29485862538007,41.00046725154791,79.30955062395304,0.4577730719873969,6
2025-09-25,Estación_Este,19.2923624331552,34.90723122152067,8.914831542750626,47.023164638274416,80.2434495713957,24.367195707068785,64.72232209051741,0.4169008394318451,6
2025-09-25,Estación_Norte,38.96479611705299,59.9475414936291,18.749772789015022,45.51425377918751,82.28027697037626,36.11621262380586,109.13398042560884,0.5426314740276855,6
2025-09-25,Estación_Oeste,36.101336014018855,59.90818399838022,17.895250280184854,31.52720075723177,54.36876834565659,44.17658808047511,102.83532445712392,0.4853616866651824,6
2025-09-25,Estación_Sur,19.148496430688727,34.49655476864763,8.479044439478535,61.18796661516078,87.51295589729803,47.291211689318494,64.39879605132892,0.5064324674906318,6
2025-09-26,Estación_Centro,25.705898139783727,38.55997732429411,15.031677492036865,60.78848656469767,104.6880215127274,45.799059319277625,79.2470605832769,0.4751716548348851,6
2025-09-26,Estación_Este,19.739065023954144,36.55445468789698,5.8296660871731465,41.77279207864167,82.83707088708917,26.57982649107729,65.24318453287297,0.4028212023180721,6
2025-09-26,Estación_Norte,39.29282924406734,64.6989896009797,21.57657168039217,46.282617984650784,80.1831143323088,34.14465023617159,109.78980671401928,0.5410419083420995,6
2025-09-26,Estación_Oeste,37.53604555414208,63.58351753577864,16.946104395877274,30.559052839147657,53.3478180347509,42.73482915745448,106.02467379999348,0.4875673473302959,6
2025-09-26,Estación_Sur,19.59818616071365,35.28214313726528,6.310459756753198,63.00578695614083,108.9515818263262,46.16905995992715,65.55219560508341,0.5163620750135995,6
2025-09-27,Estación_Centro,21.529728058513395,36.961127542332704,4.920736904372895,42.70201664531847,70.61350530574778,35.27549546734548,69.37524100521392,0.3613725627406572,6
2025-09-27,Estación_Este,15.982739385175726,25.5467390398966,4.905864200388282,35.66313994022871,72.59837952492366,19.00346737619874,57.31914162553529,0.3272167589920337,6
2025-09-27,Estación_Norte,30.70569857926024,49.8170794539872,11.895205302353515,38.25827287821145,65.64626679915824,29.99690700908265,90.70330149497592,0.4382234438151959,6
2025-09-27,Estación_Oeste,28.057749439186235,42.66002423817287,12.125621845106847,27.282119785907906,55.87123887920013,35.64966587755478,84.61648052561699,0.3991848351406087,6
2025-09-27,Estación_Sur,17.7775531881581,36.786814221242736,2.9900464580519017,51.23755830902206,77.32081751152494,36.49547232856658,60.580386130518384,0.4207147338267287,6
2025-09-28,Estación_Centro,19.755069937690926,33.91671574140563,5.700121011975126,45.30671048594153,77.22311903459925,31.97277368294569,65.74064506137243,0.3605821813565361,6
2025-09-28,Estación_Este,14.108365636985262,25.77560473589354,1.7924672644080992,37.62455141373144,58.55217562565154,21.10246211416002,50.44344160826137,0.332427406973674,6
2025-09-28,Estación_Norte,32.51050734428855,50.43604485819372,12.87715023635128,39.070311379611205,63.89241431322216,27.72180168673657,94.76955186104364,0.4541590445739992,6
2025-09-28,Estación_Oeste,28.20011342032041,45.07703110390355,13.30583932866966,23.71157335253229,43.69766386037793,31.768016209781432,84.78410152358754,0.367910939545504,6
2025-09-28,Estación_Sur,15.463427745936718,32.93143513173317,4.510575481684479,47.36834702776508,84.48333902152977,35.495779599366,54.75842708119017,0.3955657235370116,6
2025-09-29,Estación_Centro,25.510207863647096,39.99988091742613,12.695578374982526,60.56898781908159,106.95961305913347,42.68752610595657,78.85202698914608,0.4605376795772993,6
2025-09-29,Estación_Este,20.00829912502621,38.36423172993887,9.253738271789512,47.94246956401337,83.65521450545249,26.224728556161093,66.41716261808132,0.4291703701710327,6
2025-09-29,Estación_Norte,38.07395721479146,61.39324215645585,20.00500828197726,50.43712991565862,85.07343717830204,34.743612035981464,107.28502557621256,0.5457585932585304,6
2025-09-29,Estación_Oeste,36.831053498840056,57.687722060310776,16.616839125624804,34.12692126008336,53.90895711545173,45.26984351711011,104.83232554690773,0.505783365160836,6
2025-09-29,Estación_Sur,20.751861604508186,38.01326381382812,6.5278644644581165,62.146382498549,95.64391033004956,44.36449849262987,67.92267687585617,0.5172650911618242,6
2025-09-30,Estación_Centro,27.233350327017305,43.25536821174233,7.4221773825311,60.52501277232519,96.72366017042994,44.77378875000063,82.36979243272619,0.4805827307026271,6
2025-09-30,Estación_Este,19.39672770028113,31.40155528487095,6.11190114695233,44.372460805015656,69.01586021130304,28.55726747045031,64.53265566679114,0.4178439762474962,6
2025-09-30,Estación_Norte,38.41166697240849,63.66712752196608,17.88872195725007,47.23237922419772,78.72208342206174,35.35068298616152,107.11709652062486,0.5407453524798124,6
2025-09-30,Estación_Oeste,37.040217778443576,54.78666194864725,15.594425096250385,27.28207729519528,62.439146801213255,44.38939731466845,105.19778873292638,0.4799996064171183,6
2025-09-30,Estación_Sur,20.80173882237885,32.048896917704546,9.580029116740846,61.451830715921766,101.97074241633663,44.37490724667824,68.28798010757914,0.5121869017288546,6
2025-10-01,Estación_Centro,27.794960814031608,43.795689667654855,11.619575811575812,58.17861158188515,111.67442923335126,46.1462973065888,84.12527781760843,0.4810298319547152,6
2025-10-01,Estación_Este,18.12961741727634,31.93464788021715,5.5988179161127,46.980869342097314,91.08355825916377,28.62208178541729,61.24786594305903,0.4049837562686201,6
2025-10-01,Estación_Norte,38.68894208966356,64.61322138228617,17.72093794754064,50.03570826798984,87.05919222196384,34.46115333690748,107.91442868312924,0.5548596163995455,6
2025-10-01,Estación_Oeste,36.9425340894464,59.68350263011043,15.853991437210652,31.970534374875644,52.87392619372477,42.407107118303394,104.6175023525385,0.4856430070402466,6
2025-10-01,Estación_Sur,20.429513234828388,34.87962726363411,7.1975789590219446,62.42297405508339,105.96758244040498,47.04539286360904,67.47908063504057,0.5229880797039833,6
2025-10-02,Estación_Centro,23.30200871416591,41.50349029884894,8.478852306355362,58.3120778041639,93.78541563666047,43.86311239482851,73.83388623829345,0.4439300468322876,6
2025-10-02,Estación_Este,19.59429796943841,32.76942536844682,7.104104816914497,46.18681790517747,74.28829335200052,26.28418048479988,65.49245808569067,0.4228850991279299,6
2025-10-02,Estación_Norte,40.74447661770336,63.66512071939035,24.59323338376967,45.07162444097408,74.63910143640231,34.91030079937098,112.25110383368184,0.5512228217435121,6
2025-10-02,Estación_Oeste,38.55000524429004,64.32881202304179,23.098677950673054,34.01421206411634,56.50840717989291,45.24325421154424,107.88047903087649,0.515234160773184,6
2025-10-02,Estación_Sur,21.349004821463737,35.97616844019154,6.596213160633126,60.928690855479175,94.1913695251668,47.97569792044595,69.12791910539438,0.5180784955577385,6
2025-10-03,Estación_Centro,25.77062897209608,44.90506925714247,8.586956625653478,61.34748844993656,104.7964730270147,42.86394546473144,79.32290097784053,0.4621349724965293,6
2025-10-03,Estación_Este,19.434318944626995,32.61812005765877,6.105066511316521,49.21046823383637,81.96155882702533,23.042410381451983,64.72142230403125,0.4192043867194694,6
2025-10-03,Estación_Norte,36.526510762525085,55.03196885761752,19.68903639789236,47.639242997712365,75.95618056031176,35.116649018897306,104.12826492626697,0.5358519515917343,6
2025-10-03,Estación_Oeste,37.346374934931696,55.81952298737838,20.9664367248316,29.15216775177348,50.19475053568294,46.00061291333591,105.680486028554,0.4958839995962575,6
2025-10-03,Estación_Sur,20.878466610930744,34.401344875077335,11.17451902885821,59.81811158760412,90.5376383229015,45.47411948490274,68.77705147510491,0.5104781999558085,6
2025-10-04,Estación_Centro,21.11686570759281,39.1017279058304,8.496748213919886,46.822062007656655,77.14278216170695,38.593653652903896,68.83068092592646,0.381452431607393,6
2025-10-04,Estación_Este,16.233277161523382,26.99015722990501,4.042347623561632,33.75552752585112,61.798302379349785,20.12188384622613,57.22898669223128,0.3213148107834073,6
2025-10-04,Estación_Norte,32.325199780708026,47.69776828526271,11.62938951624919,40.2840527453585,87.48202121529256,29.336351121009876,94.29530928840715,0.4554483922138519,6
2025-10-04,Estación_Oeste,27.380835755366988,42.450650568597226,11.834174763357176,25.888532588996267,55.77448625594142,36.22089343600099,83.12043526388307,0.3813389445458421,6
2025-10-04,Estación_Sur,17.15312840288436,30.632866691802622,3.71831537383344,49.73272795337076,86.53297138517172,35.549380964244904,58.75764206234121,0.4194404026730782,6
2025-10-05,Estación_Centro,19.60146708490199,32.643877426206615,2.835580997670391,46.89192478067391,84.13618379695654,32.8102778216502,65.21785397161837,0.3537967798090011,6
2025-10-05,Estación_Este,16.25943215164941,29.50283851042608,7.086831731607197,38.411969769385806,60.39006159497196,20.52402833175495,57.54210350119231,0.3410350725630549,6
2025-10-05,Estación_Norte,30.96728697835515,51.90444537259236,14.592366840269356,41.09440283272016,70.45623994131151,28.768805615643085,91.19739836236016,0.4413428045608494,6
2025-10-05,Estación_Oeste,26.95842530983748,43.71036171946501,9.978124416618314,20.885029885608024,40.03783522192334,37.505342893934944,82.08423216123815,0.3701945968634794,6
2025-10-05,Estación_Sur,16.84986226011255,31.21964763208986,2.2915403714357154,44.87355369497917,82.29491254110454,32.57209980082518,58.38069690012225,0.3946026137666901,6
2025-10-06,Estación_Centro,27.93269909656976,45.31438068102483,8.876057234827732,60.74233300330903,89.12659904555565,42.685015383074266,83.93128271687235,0.4856209385505443,6
2025-10-06,Estación_Este,19.798179760594447,32.80929795999275,5.226296190494525,45.08432106064684,74.13230538770577,27.2241793586885,65.82165447177279,0.4192408365243615,6
2025-10-06,Estación_Norte,40.62385771170043,62.93477700963253,23.01437340712369,53.3670861058309,95.27282215455816,33.64060069118731,112.27864762352904,0.5651417910279397,6
2025-10-06,Estación_Oeste,36.06624617567048,65.87679091519396,19.16086822364249,31.751241567745552,50.688321632841024,43.37154392391212,102.29042303261186,0.4864689951976218,6
2025-10-06,Estación_Sur,20.82035336619412,41.84513278742866,3.744868889716237,62.05872957004804,110.40148056199592,49.52199314541824,67.41331553966366,0.5329061312927551,6
2025-10-07,Estación_Centro,26.06454388741955,42.372016369536674,13.857421900456234,58.04239201650653,92.42889790912918,48.00534277314329,80.15111881612872,0.4627867619066446,6
2025-10-07,Estación_Este,18.715321168606287,36.71337345111936,4.216189914755104,45.21867644310627,81.14859594864116,26.28604045423613,63.17694490607315,0.4131719806076591,6
2025-10-07,Estación_Norte,38.64752675534975,59.23475642225897,14.00735367149273,48.44708477719224,86.9411278339717,37.1235539981292,108.89086651183248,0.5514499654465074,6
2025-10-07,Estación_Oeste,36.11007407699807,57.01819290932853,20.244777304503224,33.019155673285,60.04397653085655,45.832256593983935,103.19742687353362,0.4953944541168291,6
2025-10-07,Estación_Sur,20.62980584233892,31.63618447776355,10.287464934311233,58.4961377485871,98.11863539475488,44.481590650978696,68.09584767273816,0.5032306973618146,6
2025-10-08,Estación_Centro,25.74804706609545,42.91378119583205,7.197045579879266,65.4031771204577,108.43294864489866,42.70562362574227,78.76042840687334,0.480994502691557,6
2025-10-08,Estación_Este,16.634375919947377,31.03126105035692,6.169865459352625,44.16934789443484,87.47331766927675,23.953187415512232,57.67660380657406,0.3826774948692588,6
2025-10-08,Estación_Norte,38.6374542749884,57.638388464360645,24.4653497558822,50.681371608855045,76.81665244817145,34.94463539996322,108.50905913327315,0.5506496980430616,6
2025-10-08,Estación_Oeste,36.5477693569982,60.10770696978426,6.46783473192162,29.973019941483265,63.41900057374463,42.121386606302494,103.11046427541793,0.4833691407035288,6
2025-10-08,Estación_Sur,20.9127508589564,35.797818687080394,5.008018441341068,59.87508156012982,101.68008825435209,44.091577964262825,67.99617694847127,0.5141164295714317,6
2025-10-09,Estación_Centro,23.68219799332005,42.07325853304456,6.78586310173352,60.364250876292566,100.3461999613773,44.491244689311,74.53937200724874,0.459989806026978,6
2025-10-09,Estación_Este,18.512619342595585,32.94824155234653,7.8274527063991615,44.14344529995691,77.62904216619629,28.8089382191981,62.85147401848852,0.4143829533859695,6
2025-10-09,Estación_Norte,38.66916028655728,57.29319182702173,20.0032334342546,46.8791495796061,75.10875927877788,36.91679570286247,108.73697904822876,0.5572035839739466,6
2025-10-09,Estación_Oeste,34.836935433663776,56.11945106006363,18.212297860092185,31.385104014281893,53.70052998618184,41.28651643712952,99.92787846806108,0.4752521968114956,6
2025-10-09,Estación_Sur,21.02343376582638,31.68745602333746,12.41701063356941,59.21039889467871,98.32132754109732,45.94044556089968,69.14899949748151,0.5137934061533285,6
2025-10-10,Estación_Centro,26.355301514835585,43.81828215212041,11.89707936027512,61.13216353651294,94.4862868379403,46.33653598498349,80.88747848407876,0.4838836744447179,6
2025-10-10,Estación_Este,17.436774044968907,33.595534106366074,8.305088809835105,45.34223056204224,72.41761263658015,26.95601160228986,60.86828111506632,0.3998825075331975,6
2025-10-10,Estación_Norte,36.95772219147127,60.12828897498154,10.82679662233006,44.990178589375205,74.52907069285375,34.22343728302827,104.6485736771287,0.5299712110514174,6
2025-10-10,Estación_Oeste,34.624148469891914,54.31154369420629,19.759334346150187,33.940433770016746,59.59876747414762,44.317348047606856,99.81378041856668,0.4854004088022827,6
2025-10-10,Estación_Sur,19.165807415198483,36.65408090297095,1.262703854220934,59.85028318065843,99.17547992530552,48.00398415419129,62.94653993573095,0.5062086681462944,6
2025-10-11,Estación_Centro,20.95799373707905,38.94223360675048,8.747299998841239,48.0899625922729,85.38673812508308,33.45118784071573,68.60865619733651,0.3713144884459896,6
2025-10-11,Estación_Este,15.75456403598097,35.11599155967706,4.198696137711546,34.401409863338465,78.51312532127156,20.13507884640943,55.40093782206578,0.3288280886139592,6
2025-10-11,Estación_Norte,28.8615318292911,48.56023014154135,15.108743328418754,38.08829572861394,79.76030449163825,32.09887583645662,86.62198748182193,0.4309840199063324,6
2025-10-11,Estación_Oeste,29.70401890538713,56.14808664911257,15.95691606306104,27.48083971005452,48.145373094769056,38.11417753359927,88.33071415057132,0.4038842207617496,6
2025-10-11,Estación_Sur,16.87675785053815,33.23962282115512,2.1055676027150554,46.99155602775178,79.56859411129182,36.38099348088562,58.32742109647009,0.4059033808610331,6
2025-10-12,Estación_Centro,21.403429260742524,34.45477033180153,11.111893851206949,48.97594471243445,75.99324008929935,35.32199060276002,69.89043298420879,0.3843448104475362,6
2025-10-12,Estación_Este,17.480026014111708,36.51979181990099,8.523459357540782,37.65076386944765,64.8448104871858,21.36397772538253,60.841724213937646,0.3479439767499561,6
2025-10-12,Estación_Norte,28.799102739707028,44.43305349908643,13.419321260896815,35.06400540124571,67.3207692373018,29.06092605509171,86.24623985654296,0.4073358792862224,6
2025-10-12,Estación_Oeste,30.380575489574586,49.0716310752784,15.49820488727542,21.702920422462523,35.14083522101954,32.43604654958102,89.95648211499862,0.3844870744978371,6
2025-10-12,Estación_Sur,17.081998182642355,29.95075942306532,7.324801766912392,50.023109639088176,72.17069888938042,40.67688711533364,59.2971451170848,0.4272784514134087,6
2025-10-13,Estación_Centro,25.73926885313801,42.97396996744141,10.082369253534312,56.74702978981457,100.91074567856651,42.33500795980606,79.14510851630257,0.4639769242399906,6
2025-10-13,Estación_Este,18.834881783008004,32.0214528670859,8.206972900113277,49.43113359073285,81.53340579593001,25.197455934138578,63.7585751509657,0.4108598669973655,6
2025-10-13,Estación_Norte,37.746664410882616,61.0839030264938,18.73952717162505,52.58926719119651,87.46051192760679,37.611093429434256,105.90090136057135,0.5579462706558671,6
2025-10-13,Estación_Oeste,35.23297298980114,61.6612918767145,21.20800650835759,28.620488309376217,46.20192134945982,46.17076719344158,100.6684181164665,0.4724717864217496,6
2025-10-13,Estación_Sur,20.65607311052816,34.0957822895716,5.656923626177711,56.754236603726845,96.23356996753796,46.80148005730007,67.66296286401688,0.5000501291126918,6
2025-10-14,Estación_Centro,24.783014765752508,45.42232733254954,12.861314686512786,59.843957116377055,102.40526692668924,44.50073903994565,77.39734998049194,0.4576019253589097,6
2025-10-14,Estación_Este,17.761161691684336,33.85509223719516,7.604629639205896,46.04491901866237,72.54798647890007,24.28221556389037,61.1803849829497,0.4006110671318981,6
2025-10-14,Estación_Norte,38.18887502338479,63.88868494627108,17.216922656690866,50.80450465145688,86.09992133085865,34.8021021690998,106.93118205769905,0.5548981150313917,6
2025-10-14,Estación_Oeste,37.535427073299566,63.24028743516082,18.32956723838922,34.0020994733998,62.8441731509009,42.36694833249171,105.9310577630934,0.4899983580926658,6
2025-10-14,Estación_Sur,21.661786571075385,40.49040818510608,8.107861629353492,62.93572180165796,95.2625412901108,45.33695256761496,70.09926269485739,0.5290729971574027,6
2025-10-15,Estación_Centro,25.556684768238032,43.42255284511636,12.023164199655586,63.600049765587165,109.98878655066402,44.650549192301376,78.99058341990751,0.4793716116966861,6
2025-10-15,Estación_Este,17.910322919869706,32.235651625528924,3.844550582974641,44.20783594969085,83.67326344832031,27.604008107498444,60.70232570392879,0.4096118867463065,6
2025-10-15,Estación_Norte,40.10895650401435,64.41811247160717,23.428084866768195,47.05363320091747,80.06155527823043,34.79069630733856,110.97116118225364,0.5573892830447247,6
2025-10-15,Estación_Oeste,37.68467109294268,62.8694418248013,17.14092035201511,31.08208151708011,61.94102735820199,42.57206305599667,106.18164608627892,0.4922714796584224,6
2025-10-15,Estación_Sur,19.901344530324533,33.93551070434791,7.209445257164456,61.71894212711722,92.97037233781498,46.105789247211085,66.03619246037887,0.5126794117346805,6
2025-10-16,Estación_Centro,25.38283903787692,39.39195032140258,12.968446732318773,59.17144667114626,98.33868699908884,41.64728617184538,78.55556453449289,0.4622387197108684,6
2025-10-16,Estación_Este,19.68981127753669,29.11285655662026,2.346445258370199,47.78476683218678,80.33292972161493,26.463591650043814,65.20280000247952,0.4306381255635578,6
2025-10-16,Estación_Norte,40.83134961898428,60.47439266723658,17.17722410615832,51.6721324183292,81.01778420675514,32.076915021135235,112.71192763662376,0.5691211929277887,6
2025-10-16,Estación_Oeste,35.33457560169308,58.12968174267692,20.67812270261839,33.58498626574419,51.81041504397639,42.00203983603238,101.38649023068564,0.4825499134920338,6
2025-10-16,Estación_Sur,19.3025690690808,34.14611596044017,5.397796034098905,56.54404923724572,100.19055549672323,46.10836329019364,64.30972753383207,0.5032343269356389,6
2025-10-17,Estación_Centro,25.2669601366173,43.857125213893234,14.514019003981067,58.52300832705833,99.22250639656004,43.05336897952094,78.39879412777172,0.458654910825325,6
2025-10-17,Estación_Este,17.29343799648318,35.91467862048361,3.723909769950732,41.14605178756896,66.22669878013694,27.726664562600693,59.54154270681544,0.3902791198216957,6
2025-10-17,Estación_Norte,36.2702877674316,54.294640093825286,18.146984630905383,47.92465721813304,84.50321881949188,33.175695379127355,103.34432899102649,0.528756554914367,6
2025-10-17,Estación_Oeste,35.18680667670349,60.20248397768377,17.44922800074523,32.25857503901306,58.44605056301648,44.09708681604905,100.8769622831713,0.4808605870688412,6
2025-10-17,Estación_Sur,20.006834899376333,32.98891967310811,6.585528888038142,62.7618799216437,109.70420096568272,46.63129883416346,66.18999139859676,0.5243151258219143,6
2025-10-18,Estación_Centro,20.75486731982045,32.99939623781706,10.716151411366008,50.56381813130167,81.14138431931998,34.036568932767395,68.41648119712683,0.3803962212957,6
2025-10-18,Estación_Este,13.17573931412708,26.22100045304334,5.688496429809762,33.94553631705524,59.98501476631091,18.58196423417067,48.89265347494345,0.3018256646496485,6
2025-10-18,Estación_Norte,29.43697016930294,48.25400220436772,8.15967168832141,35.88543387785318,63.42564611838495,30.98815960085206,87.51907044702934,0.4242292670246184,6
2025-10-18,Estación_Oeste,29.063489434081237,48.44983463973233,15.965241571526638,23.270972999870303,39.265635514644536,37.2443307973983,87.0952306687988,0.3924422741297391,6
2025-10-18,Estación_Sur,15.36525749461419,29.931905859156416,8.876492495084074,47.46085995638217,83.9166110581624,36.780638750405366,56.35262716584588,0.4021208025799815,6
2025-10-19,Estación_Centro,19.86955878710441,30.949948592598005,7.3217198502226175,49.33287161066468,84.50223161987603,36.98908739667778,66.14990578016356,0.3728791390165945,6
2025-10-19,Estación_Este,17.00411072990765,25.7502441303272,6.844670061484528,42.13440361439242,66.77792454322952,20.55071605144621,59.561660318063645,0.3557213521045878,6
2025-10-19,Estación_Norte,30.293361531682702,48.38292244861196,13.90748794129561,37.35729422416792,61.15936192729612,30.12610395719847,89.6163484185488,0.4388557175966593,6
2025-10-19,Estación_Oeste,29.822110390314545,48.43153967801731,19.639179473836894,23.21333864277651,37.21427225043247,35.55777385205645,88.76772386063551,0.3904172044983753,6
2025-10-19,Estación_Sur,16.49677355427268,26.20617343801033,3.6000858537908167,46.54679457546533,73.4523320230497,35.23548032125627,58.310878765325135,0.4020110736052306,6
2025-10-20,Estación_Centro,24.80745135883475,45.80670922713052,4.67104429967873,60.22119117603472,113.07091767896458,41.02647828420534,76.66712776521342,0.4585536615585324,6
2025-10-20,Estación_Este,21.886331261932924,30.80676151831399,11.757694201193647,42.050116867137554,61.459244406943945,24.49879841093997,70.98925062522481,0.4182922194849559,6
2025-10-20,Estación_Norte,37.42575793177304,69.11267142849731,23.70256005716816,48.47201564422336,86.23256091599389,35.84877148192404,104.8731983932699,0.536417970343241,6
2025-10-20,Estación_Oeste,38.71390161584039,58.52282021219695,21.474549919083906,32.386578836055,57.71593271524623,40.96831193361675,108.6073721540564,0.4954731911226973,6
2025-10-20,Estación_Sur,21.90182580328324,37.43392569672951,7.069855579849055,60.35388548511352,94.87545418294803,46.56570569360139,70.38160362815199,0.5233334324835723,6
2025-10-21,Estación_Centro,26.186661467051835,36.552591313986646,14.794992233714629,62.60818501810727,98.10166127077372,43.24978910715651,80.2360260131645,0.4835865690002907,6
2025-10-21,Estación_Este,18.558763247464803,31.2826073190554,5.1155788053571465,45.33697857672069,76.87770587664346,26.30675004606333,62.17593135031129,0.4110400346024535,6
2025-10-21,Estación_Norte,39.890139095188935,58.97149778707539,18.93867495788669,45.89603634198532,82.0231934301231,32.33724768185362,111.81969158168332,0.5359808140944394,6
2025-10-21,Estación_Oeste,36.93992255762274,63.00878695264949,13.071900482578911,28.069503284908944,55.28356142075778,46.81178507507395,104.14333467832772,0.4868918405569651,6
2025-10-21,Estación_Sur,21.96945427302873,36.6285954667976,9.55394661938007,61.105591459353946,96.1485850781528,46.14005125203169,70.79727980218178,0.5247813599969408,6
2025-10-22,Estación_Centro,27.193959017257413,44.56574556777127,13.383656217974114,61.376066192781394,102.89324507196169,44.78592073001096,82.80658340605133,0.4786982242407308,6
2025-10-22,Estación_Este,19.26125034500271,39.5683766381858,6.178964133876248,50.22326711360258,77.95439696083004,29.06683694046453,64.55804782270411,0.4323516233301063,6
2025-10-22,Estación_Norte,39.02186586072117,57.67270921491739,23.95972177790812,49.25370272949389,79.71162723015354,33.238556992506425,109.48354452663096,0.5543394640168909,6
2025-10-22,Estación_Oeste,36.52691279966185,58.56191044313013,17.417944303048785,30.30503936802256,56.08514844852022,43.9525920218224,103.68242278432557,0.4884397490079691,6
2025-10-22,Estación_Sur,18.930201031581824,34.393725408746064,1.1305250018632922,65.13610828336577,102.13207290393856,45.42604432352636,62.37569310196244,0.5223386200751515,6
2025-10-23,Estación_Centro,27.30578910040981,43.34384673750012,5.160642443535334,60.36925838545128,98.37920996148188,40.915405687342776,82.01199947273959,0.4749814995702717,6
2025-10-23,Estación_Este,17.975083443013904,35.796953626162,0.0,44.80008399576818,82.41049077479124,24.33700937420484,59.67138449079053,0.3970044989933514,6
2025-10-23,Estación_Norte,39.11358070999954,62.43957616705065,25.48479907158943,46.9929793786607,78.14561899727008,35.056347212711735,108.70273173256248,0.5474441912770728,6
2025-10-23,Estación_Oeste,35.96353207515052,56.05134996083813,17.593669451165137,27.464319735704176,54.512099940409605,44.004450976191634,102.4682248507343,0.4710039554722081,6
2025-10-23,Estación_Sur,22.012805234451907,37.82225125518774,8.078341372969545,57.14671076432753,93.57645541255256,44.16363358039499,70.67437855535482,0.5090315523645443,6
2025-10-24,Estación_Centro,24.67299176715252,42.04467082454344,9.645612834960929,61.12149864566311,98.859150929008,44.74286138203167,76.82016987152038,0.4644129046720088,6
2025-10-24,Estación_Este,18.574985998131247,32.05701550925377,5.024554560286785,47.13247325198546,88.29475881038553,24.84271788289397,62.19161078050663,0.41156060802108,6
2025-10-24,Estación_Norte,38.86009906367864,60.79497404624349,17.727536402261904,45.033522213326656,79.66152772466901,37.91949169941535,108.95681187210238,0.5446535988871626,6
2025-10-24,Estación_Oeste,37.26042366745073,62.42377791546439,13.962196808086327,29.477814997809464,56.50645801007735,43.29026980726334,105.0245584876461,0.4845868720093991,6
2025-10-24,Estación_Sur,20.104222272352413,37.46107996129573,4.70100107375065,58.55361942158736,92.09847442678353,44.645336510831534,66.30777646903415,0.5087736334347607,6
2025-10-25,Estación_Centro,21.031540317241355,36.02974255964167,6.693802926943956,48.82196733244002,86.72024885425475,34.55228331177779,68.7277188378367,0.3854282092787116,6
2025-10-25,Estación_Este,14.17812283481336,24.32510474939431,3.4526222873623498,38.76539348417604,60.54582489355412,21.067459783650623,51.49664103950895,0.3324966241110098,6
2025-10-25,Estación_Norte,30.08862447053859,55.02020581530783,17.24081832907726,39.32448239941052,62.80693794042406,26.88267352715754,89.44723850544908,0.4359802290057258,6
2025-10-25,Estación_Oeste,29.53015878767802,43.42155185766138,12.58578862214288,24.96352145990505,49.286934166773456,34.606405007453795,87.76078052429911,0.3902072328811632,6
2025-10-25,Estación_Sur,16.06203470424102,33.407864382270006,6.214481883102787,45.91862806990099,72.68499067368823,35.00018724237437,56.8224350964796,0.398072134932413,6
2025-10-26,Estación_Centro,20.732452905539198,34.1715805799673,6.45318990641204,48.8406949200861,83.80630967705693,37.41870848114709,67.96382403722937,0.3816132478671466,6
2025-10-26,Estación_Este,15.160558641487162,26.043691539844968,2.5678046271212445,32.80066949523958,61.77765099029024,17.830578105256407,53.95338830889165,0.3106493616578931,6
2025-10-26,Estación_Norte,31.565117048153493,56.58107025831335,17.208629825187213,37.14547368217235,69.62617745321839,29.362030842028748,92.80168559255604,0.4348296926031906,6
2025-10-26,Estación_Oeste,30.29376957543396,52.77786727419513,16.197069045136825,26.15894956833101,39.40361031969639,35.01894916890319,89.66422458607978,0.4000524193630995,6
2025-10-26,Estación_Sur,16.305765192316304,32.37119555763646,6.465583946612055,46.78876521446475,81.50695685466951,35.06534659160966,57.263597339177416,0.3978301336961183,6
2025-10-27,Estación_Centro,26.136918201296044,46.28047849913624,14.39380519284007,58.64357037245219,103.59211251606946,41.1557306768211,80.38176502304465,0.4575297905101596,6
2025-10-27,Estación_Este,18.986388982475088,33.2879604648972,7.941390749274497,45.32657703809219,69.03194735801073,27.028684917095912,64.13809514192111,0.4151241875153168,6
2025-10-27,Estación_Norte,39.1078744996826,62.19706994365349,17.25978571247457,48.84052144936933,87.54340422797036,36.68034415163852,108.78811398489836,0.5562225686495664,6
2025-10-27,Estación_Oeste,38.42079258998256,59.35561799164805,17.290876710691755,29.23871582629099,55.75448842330292,44.55238382330322,107.8884955487067,0.4921112973924131,6
2025-10-27,Estación_Sur,20.628773777201957,42.68668902144324,5.78470824198334,60.46241207287196,99.29610971656948,45.14301661961316,67.54607376128408,0.5108285854471531,6
2025-10-28,Estación_Centro,25.294515122935607,40.31532481374854,13.51468742664933,60.174251028863495,96.2182977950641,43.82764751795981,78.44078156391937,0.4651796829213989,6
2025-10-28,Estación_Este,19.634796954883907,31.36631007073581,8.033818724762941,44.26182918709882,89.3237304259681,24.01384622759598,65.383152370366,0.4118903880493085,6
2025-10-28,Estación_Norte,38.72611220931986,63.19721236616259,19.446302843203508,49.659935023584325,95.24500354925344,35.92940647836493,108.02552334204132,0.5487639873471528,6
2025-10-28,Estación_Oeste,37.3015931421943,58.58955204673433,8.783863400751912,30.97434370050117,54.04787423857751,42.85714631619566,105.1546304322884,0.4886348159739762,6
2025-10-28,Estación_Sur,21.779509024397413,35.51801854604379,8.926180924976379,57.27814288643415,92.85180627433571,47.14540804959214,70.40820086346467,0.5095697731311039,6
2025-10-29,Estación_Centro,25.007491798483866,41.2319843472546,8.798182864378743,65.7015680262773,104.5119215965166,42.39355262584696,77.54584565751304,0.4733108753404565,6
2025-10-29,Estación_Este,18.725837158691785,35.62084934035962,4.981456768216808,38.50131966884713,64.94210634613702,26.018765607732742,62.98030935616294,0.3837071737517485,6
2025-10-29,Estación_Norte,39.413794921160566,65.64313840172676,19.80086718030521,48.18905095677206,89.89744338135334,37.25840875880144,109.52095656777804,0.5540312711317896,6
2025-10-29,Estación_Oeste,38.286703996503256,58.66890734426333,20.718515845114126,30.66762743296719,56.92230556591093,42.843090357923565,107.48464784930384,0.4946800629506651,6
2025-10-29,Estación_Sur,21.51372532411826,39.23299144176503,11.124845388167424,58.06027318761343,91.66454400260702,41.418006250527554,70.18446900799891,0.5011418839965633,6
2025-10-30,Estación_Centro,27.843311327691755,50.54437518846525,13.883734853467248,62.10219579760725,97.77856522517013,44.57802222793313,84.37916019181017,0.4890642218982417,6
2025-10-30,Estación_Este,18.97756185994361,32.92714214735895,8.089168369700182,47.15780677774698,71.51485756527346,24.403225318236384,64.29818688559995,0.41437022738109,6
2025-10-30,Estación_Norte,38.377826269247215,57.2841352759205,21.82193154975958,47.70151047036447,76.73907268578273,35.54342340248447,108.37840514699565,0.5460501235519495,6
2025-10-30,Estación_Oeste,36.922149846542695,63.48042348218955,19.690534356712625,29.602630286716977,52.62999025054951,45.47968148713949,103.83989009956632,0.4851483466348844,6
2025-10-30,Estación_Sur,21.811702740603867,41.16565722925058,8.44252559297652,60.70972796770605,104.96776880659328,45.32607962337349,70.654524689876,0.5225711251487475,6
2025-10-31,Estación_Centro,24.718206971995052,42.41924292368424,11.94290379958917,62.859033333245485,103.01288707510416,45.73833621831151,77.21904312778516,0.4775652483912938,6
2025-10-31,Estación_Este,19.806552833034985,33.52842991624943,10.071735915773225,41.45295385667698,75.82240913898698,24.86224119329766,66.27421710736529,0.400228401362338,6
2025-10-31,Estación_Norte,38.039674172954,59.77246446847156,18.360442515122863,50.05330832758373,82.68315989567915,37.43042652423463,107.18054550182838,0.5549209046622887,6
2025-10-31,Estación_Oeste,37.803615299269765,60.00662192062478,24.047255708312104,32.347204550640804,48.35801711777607,41.75142920895529,106.1422648233618,0.4898088699636619,6
2025-10-31,Estación_Sur,19.886979323848397,34.968079267485486,4.49623931271832,57.88404868700399,95.5144035877423,44.149298604274286,65.7590921853374,0.4947172408263565,6
2025-11-01,Estación_Centro,20.301480069860496,32.88536412962409,4.328327379750698,50.50741027612255,80.76441390269532,37.469357903855546,66.78190555563872,0.3849543438459091,6
2025-11-01,Estación_Este,15.308804524461536,34.880935212386106,2.3781204685047017,37.80285618785245,64.23074094738347,18.95487132212167,55.051716943368376,0.3314552699904948,6
2025-11-01,Estación_Norte,30.21778174135437,55.319420313016,14.491220441730295,40.99123038046098,58.3601017959973,29.40363381987333,89.79327504857753,0.4412438518188701,6
2025-11-01,Estación_Oeste,28.211263445133223,46.94353591942127,14.671647538338924,23.93272215150609,44.56669872475887,35.95003700467476,84.9300283995155,0.3861448594353676,6
2025-11-01,Estación_Sur,17.469587271593866,27.534628421948884,2.654351998295052,47.040591866913296,81.79623268706331,36.60244691995136,59.693941502139104,0.414374425252034,6
2025-11-02,Estación_Centro,22.499082914166348,38.68273967731415,8.604328918527361,45.705446421483806,82.74839115516941,36.59243701380839,71.99938251505131,0.3814056534332706,6
2025-11-02,Estación_Este,15.44187180458122,28.579064795459733,4.740426014118199,35.51954569314588,67.3600074883568,21.62988239366172,54.95621120148974,0.3263086445064264,6
2025-11-02,Estación_Norte,30.129046517552563,51.11593112385612,11.961986125241824,36.54364773784536,61.98652299406732,30.44305308379785,89.52942417312323,0.4334296245106723,6
2025-11-02,Estación_Oeste,29.90313081320586,54.08301839113871,10.145356260706182,24.686663855811787,52.42824393160599,37.23156808960879,88.71487819779092,0.390989945506499,6
2025-11-02,Estación_Sur,16.17510498285879,30.968947813067697,2.0088780426112027,49.12698831331448,81.3816805349366,34.85674448600084,56.14996402713371,0.4042898961881786,6
2025-11-03,Estación_Centro,25.42592704101168,40.273622074144015,4.4333436782232365,58.66488975360516,108.11503193519256,45.73348266769207,77.53516353373142,0.4579410069064033,6
2025-11-03,Estación_Este,17.89951247575248,31.164525939946422,8.11317032727081,43.95748201639267,77.645666503643,26.38848688231188,61.55803316867024,0.4006540352203098,6
2025-11-03,Estación_Norte,37.645974572368615,63.63702552563429,16.43803471475672,46.31300146250616,70.78707978205925,36.99186214348343,105.97287984299489,0.5356842889915033,6
2025-11-03,Estación_Oeste,38.62401562132705,57.23400220344552,14.886915006773652,27.59158951036679,54.15726476312976,43.250123042623095,108.90605961479316,0.4846528682272197,6
2025-11-03,Estación_Sur,20.660304601382048,34.74445955163256,8.21355612604708,59.41560529723072,94.83324784003484,47.78269934225519,68.05988398174746,0.5190850779226137,6
2025-11-04,Estación_Centro,26.29435363995719,41.50023535540085,11.640281766913615,57.89818114627389,101.11758761760294,43.45917020091407,80.6094002621578,0.4593992546346832,6
2025-11-04,Estación_Este,17.234528439974557,29.727338856024023,1.913028868649917,49.771534148601376,81.23284521526915,25.25914077820132,59.141321294349545,0.4013238275889335,6
2025-11-04,Estación_Norte,37.3735909665871,55.48708316682485,18.45187015631713,46.70421237220433,80.29772420784218,32.568351157451886,105.87286810871969,0.5379854659399727,6
2025-11-04,Estación_Oeste,35.82719844840016,58.09853518838405,15.841009755475806,32.60277904488541,55.81133203977802,42.72828476902945,102.24784252016411,0.4874612795975584,6
2025-11-04,Estación_Sur,21.44082026159597,36.59394856442743,8.599993345918637,61.13035735977251,100.07609781426468,46.56848104445009,69.77511794801386,0.5283702135264311,6
2025-11-05,Estación_Centro,25.32100817614597,37.5683455847284,8.764787111224047,60.810363799332144,104.58897795332864,43.31240753376997,78.13252306231244,0.4678753656202328,6
2025-11-05,Estación_Este,18.748870729628845,36.58098241108991,5.380559462721222,44.90542811254522,80.74233549113951,24.068352353744142,62.68371360246957,0.4053386484961773,6
2025-11-05,Estación_Norte,38.72840775747971,59.34699930282465,16.604838611575037,50.05593690096074,89.25574557442646,34.83235147195932,109.09094070749887,0.5516616835769129,6
2025-11-05,Estación_Oeste,35.62122995395662,59.34282636744808,16.860166173841776,31.47510257713604,54.80339023154637,42.73768390523927,101.88665101596456,0.4828921629999478,6
2025-11-05,Estación_Sur,21.81967820686304,43.085118110565794,6.865775366816054,64.23085727811947,93.39066138953146,45.05754953535265,70.47551110400263,0.5334177899820761,6
2025-11-06,Estación_Centro,25.646989678391268,37.53021023736005,10.209749296312872,59.54505560787606,87.55080308375756,44.753466904356536,78.947384334972,0.4725871855288749,6
2025-11-06,Estación_Este,17.818892742837185,34.904321885212305,6.833873472817425,41.92849325407181,76.1577003273963,27.377238821044003,60.55447488315429,0.3917256949415125,6
2025-11-06,Estación_Norte,36.85712292959317,62.42775695121256,18.21846700886435,47.14844827478552,91.54166827072648,34.74984431693729,104.1877130820382,0.5305705049374195,6
2025-11-06,Estación_Oeste,38.88610799159255,64.33886738898904,17.570083124941338,30.075634026563083,59.03593027802967,44.041523620635466,108.13793776239612,0.4970451678351346,6
2025-11-06,Estación_Sur,21.068736289369863,40.69930080034522,7.422974461782716,60.57683943040127,91.90564423405289,43.640373656497296,68.69588878880198,0.511850857732221,6
2025-11-07,Estación_Centro,25.2490452268745,39.81640198925978,9.833345478545136,63.36421095717352,103.76804287000957,43.02884686818293,78.14718046108122,0.4737555512452598,6
2025-11-07,Estación_Este,17.59707259144401,30.767479424599404,9.04801271555057,46.632235177012745,75.90279937987191,24.38213787469678,61.5566840279387,0.4009979089583524,6
2025-11-07,Estación_Norte,38.577462412152336,55.86671747444865,20.53013850041197,45.37822121608378,72.78089897214834,34.227708687415515,108.6964532687919,0.5363552890332779,6
2025-11-07,Estación_Oeste,37.272357793272015,59.11155481457703,17.18434134762638,31.75997120605541,74.19388249598896,42.332962201207096,105.1231288471086,0.495497495162108,6
2025-11-07,Estación_Sur,20.674499034104823,34.66767223063828,4.32158191653639,58.61452040210045,102.67822973517228,44.02976879809401,67.21206759250273,0.5027819272219735,6
2025-11-08,Estación_Centro,22.463376399455758,34.38557026798379,8.523426850022279,47.89355196056766,89.5115231383436,32.91470886351021,71.95522715820599,0.3806751391484846,6
2025-11-08,Estación_Este,16.526930510089468,29.926985827383497,4.59236243956042,38.29917850413332,64.59935045129285,21.240494248018123,57.3709567183404,0.347475048079396,6
2025-11-08,Estación_Norte,32.08712679077734,49.86770697462127,17.095468747950022,41.67382284341229,54.79525355269598,25.953262722161927,93.78185758403085,0.4498304821662428,6
2025-11-08,Estación_Oeste,31.962109468403938,54.42191954502695,8.832294092357849,22.40497750653478,44.72023359521593,37.01981804656284,93.54179681214562,0.4079351382037425,6
2025-11-08,Estación_Sur,16.56445806934749,26.45392544018326,5.322104893261209,46.15993701218972,82.45299491968383,36.7120341531001,58.08350812021204,0.4079405626082007,6
2025-11-09,Estación_Centro,18.819141079011352,30.00394633672173,9.682221734044507,51.47282187383606,93.4912904959905,33.85500355055037,64.23254751095294,0.3699025958801678,6
2025-11-09,Estación_Este,16.801300726510703,31.91512933729306,4.99028271576813,37.33995547630639,65.75167134436941,21.090000667175563,58.07398784234991,0.3395266095126108,6
2025-11-09,Estación_Norte,30.73513891142501,53.26605175195702,7.123310898610837,39.104608152700365,61.61526225789167,26.84608876086206,90.59697228368788,0.4321743179076792,6
2025-11-09,Estación_Oeste,28.141745054773978,49.17877053281924,6.503488070154656,24.45689976440258,57.91219389799814,36.26541809292565,84.46179550916564,0.3862877704578256,6
2025-11-09,Estación_Sur,17.416045741647057,27.29579872514369,4.366062776855659,46.03686619537054,76.32428548258244,35.97984511249812,59.8727893400081,0.405581790634815,6
2025-11-10,Estación_Centro,25.785044539088968,41.289580684010296,10.52141194656317,63.66523336059151,93.05551459793966,44.04759987197709,79.32616702330343,0.4883300279577751,6
2025-11-10,Estación_Este,17.587536334507927,33.03830344184802,6.775574766864239,41.65128406197671,64.44324654555332,24.34513471231378,60.31426724117205,0.391355836204037,6
2025-11-10,Estación_Norte,37.667610647363006,56.60354512996193,17.067750399755333,49.85709654689839,91.6044164453774,34.73490212263763,106.68888729195646,0.5465559480181259,6
2025-11-10,Estación_Oeste,38.97034960653024,63.301125563579966,20.44127548434616,32.4917633418931,58.69604053139753,44.46520844955373,108.35322271527347,0.5048518420408292,6
2025-11-10,Estación_Sur,21.104032804142008,39.93728651307851,6.590555904537607,61.46943867039505,92.8011917539793,43.52391508858492,68.60120749894534,0.507012453568855,6
2025-11-11,Estación_Centro,24.248807901164103,43.33417721706645,6.033585152766248,60.07586858055632,107.26171102805884,44.28706740254268,74.85935390107521,0.4576595576771115,6
2025-11-11,Estación_Este,18.12406607379206,32.06776055704126,6.278652164538466,45.14994008666432,68.74566850602798,22.220871730933847,61.81661248684401,0.4002333578115176,6
2025-11-11,Estación_Norte,39.736658528100655,58.031640260324295,22.329378514526454,50.482972390237855,84.74201261658476,36.61390926663771,111.0602444343632,0.5627919751605706,6
2025-11-11,Estación_Oeste,36.811066825772656,54.426350771868776,21.89753315207771,30.92376207951764,67.67158452008644,43.07573039620817,104.74146974782496,0.4902750415190631,6
2025-11-11,Estación_Sur,20.015212415706667,36.58915153014009,5.476247155556699,58.94732568964356,91.71230542285868,46.31872865471629,66.34010371794493,0.5022808681212474,6
2025-11-12,Estación_Centro,24.860507565452025,43.86234169665971,10.546720163902112,58.830814355887874,97.48459211649823,43.08194869610916,77.57444020737178,0.4501056845638835,6
2025-11-12,Estación_Este,18.58866092517569,32.665944298506254,5.777227724257686,42.90082175295918,73.8578094785626,24.17350599212297,61.862625969173145,0.3923119952608888,6
2025-11-12,Estación_Norte,39.19468918476972,60.37985493843639,20.091323350157687,50.21431476256407,85.79922979054,38.56074610318856,109.35648744525048,0.5712750598286702,6
2025-11-12,Estación_Oeste,36.96290156987789,62.00349612158634,19.30736582038898,30.92201828909455,65.42287857706228,46.302359276843454,104.50826927773164,0.489477418371332,6
2025-11-12,Estación_Sur,21.24967801873098,35.42498961588884,6.889756186546938,57.30876332095334,96.4467993438876,47.58718218533511,69.1245905530241,0.5133819407115816,6
2025-11-13,Estación_Centro,26.480073479551567,45.350310608446186,12.195814278553172,62.73230111611426,104.96431112684772,42.19267054554205,81.14937224136611,0.4755377182139901,6
2025-11-13,Estación_Este,19.149475999030265,33.43647364864064,4.63189485033761,49.4463511104245,75.72499524302377,25.44358920382068,64.13392154639085,0.4145371789972062,6
2025-11-13,Estación_Norte,37.576653197061226,64.47439198261668,20.831053613535992,49.150122330835394,88.7293908213139,37.937146850175246,105.37584984222332,0.5544626562677611,6
2025-11-13,Estación_Oeste,36.9762094601673,61.840423270878624,19.219532999271287,30.945190071303035,66.30365512203767,45.62909889454971,104.46520630823731,0.4789100956343434,6
2025-11-13,Estación_Sur,21.675692419772385,32.48171218121476,8.796507907120434,61.269871712803926,98.91673093702492,44.46699650889139,70.28791097583533,0.5210551681897707,6
2025-11-14,Estación_Centro,25.91576754633886,42.7659914749748,15.327178341739188,59.718522597721055,98.85195679041196,44.99030264654892,79.85777950212697,0.4678347518478628,6
2025-11-14,Estación_Este,17.022487167407377,32.64679177627294,4.081300742137206,46.59939967225437,87.62270141054859,26.529562499104085,58.149433601168575,0.4037379207612192,6
2025-11-14,Estación_Norte,40.7635573781482,63.18249963484418,20.537227215398143,46.87739880895407,76.1153538709276,36.64862152739864,113.1048848955157,0.5568659326180532,6
2025-11-14,Estación_Oeste,36.982570880621815,63.90296139008007,20.487980527088773,30.66413840717273,55.21238996270466,46.00104619157472,104.01313241931716,0.4969144054210863,6
2025-11-14,Estación_Sur,21.13980048820337,35.871811625044266,12.095670323568656,57.110449636161285,90.3297073411256,47.2814093966924,69.39545219252146,0.5130888609342991,6
2025-11-15,Estación_Centro,21.992122899600627,34.94332068891267,9.048462708518365,49.74357497683246,85.5729035044866,35.346110618249185,70.98816034581574,0.3879278443800518,6
2025-11-15,Estación_Este,15.783265114255665,28.22813301307339,4.714312560607702,35.32738023404523,49.18385492143637,21.34628154158437,55.952502716762446,0.3352591628382611,6
2025-11-15,Estación_Norte,31.223848701105968,49.14173273497992,12.720249102626576,38.113369983964574,77.28112988997165,27.646245304680832,91.9463857945794,0.4342317294468663,6
2025-11-15,Estación_Oeste,28.895315523035304,52.96064573598815,10.32143481792824,24.233341045523503,48.83854712709085,37.27930680913936,86.79821688369549,0.3883300163464344,6
2025-11-15,Estación_Sur,16.36895784135952,33.402049349249864,2.3979546722692664,47.40011340403336,83.8278514146444,35.47508668925362,56.26803036164055,0.4086215682593314,6
2025-11-16,Estación_Centro,20.074112180299355,32.44525734542204,5.381538736899225,49.390526720308905,76.60956131842747,31.703527689726645,65.98827421929944,0.3677930898763188,6
2025-11-16,Estación_Este,16.931774012234328,26.521457794786865,8.246915059182314,30.926456222794524,63.0399389086426,19.874731693330308,59.46837992352615,0.3250178007036314,6
2025-11-16,Estación_Norte,30.32622976731797,49.28115580089795,16.03550367239035,39.01241925454015,73.21043565299402,27.98240114382736,89.85915550951181,0.4276134111797867,6
2025-11-16,Estación_Oeste,29.91556941112144,55.996843184872056,10.562158034121207,27.191345374150888,51.84327791080858,34.34662938356565,88.65829707799232,0.4001994675322213,6
2025-11-16,Estación_Sur,17.40777588866943,29.336849981145445,5.914764114016673,49.06578526732102,87.91938912715909,37.4021907190886,60.20449330586501,0.4196563812404957,6
2025-11-17,Estación_Centro,27.16532473138293,43.92011161468185,17.085094338216486,64.67159487505762,98.2629192662512,43.94906489904205,82.49729450379117,0.4941019088926456,6
2025-11-17,Estación_Este,19.6718175529171,29.45088635368722,11.377328954836138,49.793801895576166,71.93141912022867,23.678370799317573,66.20504941903444,0.4207500397000399,6
2025-11-17,Estación_Norte,38.40629971869695,63.29079313734396,16.744434640820014,46.33966465765764,79.52434595686617,33.560107175538924,107.6460345412973,0.5378417341595277,6
2025-11-17,Estación_Oeste,36.04001938178792,57.62220092656222,12.697454481907844,30.890482309143994,45.06880963714296,43.19447055544336,102.82452402502598,0.4860332810006599,6
2025-11-17,Estación_Sur,19.59516544054176,34.4066814060096,8.210664104830396,60.816419029109966,100.1644059171218,48.41376792872078,65.33682366217162,0.5114930090837274,6
2025-11-18,Estación_Centro,24.34108413920476,42.03537220307694,6.03979752304039,64.3034550532813,107.07284391116666,45.22144986379689,75.97351575853129,0.4802082890682275,6
2025-11-18,Estación_Este,18.104430999160407,36.55913285786805,0.1187246277120728,44.5676118315655,81.88382384064084,27.04064962408829,61.092558137143016,0.4116330840208289,6
2025-11-18,Estación_Norte,38.533567485696,56.66512001519986,18.525220770502827,46.62411937692973,75.31512911201513,33.738773461263555,108.9140880865744,0.5361957287111264,6
2025-11-18,Estación_Oeste,35.57584376877007,57.92377354131746,22.984482595774207,31.04756369621689,56.07226293030054,41.70103638283374,101.55932836876048,0.4765626175999764,6
2025-11-18,Estación_Sur,21.213495933651824,36.17073458727025,5.581139106637796,54.99274818653677,95.0572032687918,45.58516429875917,68.88265161111099,0.4996975583041084,6
2025-11-19,Estación_Centro,24.42302500572651,45.58235135388898,10.082953214820328,59.18069542376577,107.33523580393664,48.7967452342707,76.45237201915384,0.4679907258291815,6
2025-11-19,Estación_Este,18.83139862858242,33.98741763026136,0.7466757816723515,44.78071244794203,74.60347485931733,27.30288700930166,63.0124568439042,0.3976477118021901,6
2025-11-19,Estación_Norte,39.33481518468887,58.59005380388989,22.23538977149587,45.4552264379156,80.38402851946655,34.5305706398597,110.2767146353772,0.5406417090860727,6
2025-11-19,Estación_Oeste,38.47295053503468,64.44403295204222,18.92627697515967,33.105545166859,62.627960744487055,42.83612724445047,106.8119896378147,0.4983681373777968,6
2025-11-19,Estación_Sur,21.260210039537665,32.454417910242995,10.592810008775423,57.90202207450806,93.53894890769443,48.80880811903538,69.54756232479443,0.5106437785911857,6
2025-11-20,Estación_Centro,24.293585045399904,41.4806761655251,11.098986268830869,61.28682682954425,101.39782353330128,42.26756020009491,76.24299588551254,0.4607499063526388,6
2025-11-20,Estación_Este,17.696770209396178,32.53842635335404,3.1247396739915185,44.608842578010346,78.14835838575713,27.24204791077337,60.64795540134077,0.4015935641588367,6
2025-11-20,Estación_Norte,38.59372761655025,58.25166325271435,18.817223726542647,48.91204146745582,88.3414623493839,37.84195938680896,108.4613562883418,0.5558311253572201,6
2025-11-20,Estación_Oeste,35.341886449514064,53.223058992918496,21.432199186946733,29.343964674882105,55.36667174142954,46.51303179674026,101.16807743613973,0.4786004152348646,6
2025-11-20,Estación_Sur,20.82811031051856,39.775106024088416,6.815130822118833,61.45176007878853,104.91157067929332,47.02404404387121,67.88794489191574,0.5242651457170111,6
2025-11-21,Estación_Centro,26.11015464924158,47.43733549696546,11.253366794664888,59.55528557844941,95.73107812265654,45.69529110509857,80.22784778399061,0.4717779672471799,6
2025-11-21,Estación_Este,16.503505656627926,35.54557132618406,2.06545733641531,45.8315399597316,72.91473707086286,24.862560037271795,56.943937096556446,0.3901143777077786,6
2025-11-21,Estación_Norte,37.87314669469676,63.65338939581412,12.137341625174573,46.40435494852992,76.87314003618467,32.358011898181,105.7408945571076,0.5352121785314423,6
2025-11-21,Estación_Oeste,35.985755071015326,56.15765462754484,19.57947298504265,32.56316822962802,61.505246823403205,45.71123686061341,102.6515585089082,0.4932036429453898,6
2025-11-21,Estación_Sur,17.947063422331514,32.16093984500527,5.228576990208557,59.08468435693518,90.16246066125248,48.21777027016444,61.50738222109933,0.4966273458466575,6
2025-11-22,Estación_Centro,20.937095783526072,32.170543244712555,6.724594009417607,49.02188424406962,78.94402177083032,34.573433406499454,68.52848934461379,0.3877007959254219,6
2025-11-22,Estación_Este,14.18169636080689,30.701994134388908,0.0,35.769709994275146,57.22038181224944,20.354552813966528,51.18759213416496,0.3263241477530986,6
2025-11-22,Estación_Norte,32.38746919456555,49.19808803623668,17.976413972953303,35.01014888622266,51.18322982850105,28.342828786065525,94.52697399007091,0.4341462985905325,6
2025-11-22,Estación_Oeste,29.318684492114013,52.01988918149724,14.741010988637123,26.115029913857907,45.287675371840805,33.86038963919182,87.67374182115242,0.3891842791899293,6
2025-11-22,Estación_Sur,16.321491448446853,29.543463220699344,5.790590474776845,50.86146798412062,87.85460502669658,35.8956772375779,57.46407312419195,0.4117467692029759,6
2025-11-23,Estación_Centro,10.92485611203345,10.92485611203345,10.92485611203345,28.68506061169674,28.68506061169674,23.60465926019698,45.52023380013937,0.2221082091294871,0
2025-11-23,Estación_Este,16.34389216261432,16.34389216261432,16.34389216261432,10.1461493009625,10.1461493009625,16.534263908787207,59.107064726640175,0.1815268764497339,0
2025-11-23,Estación_Norte,21.320970348833548,21.320970348833548,21.320970348833548,46.505339490699285,46.505339490699285,17.1261762953021,69.7874900189561,0.3405421186008883,0
2025-11-23,Estación_Oeste,29.32070790476935,29.32070790476935,29.32070790476935,11.11983167583793,11.11983167583793,13.015090484190113,86.95430880851792,0.2873325112684908,0
2025-11-23,Estación_Sur,5.052937326552986,5.052937326552986,5.052937326552986,21.65632487006215,21.65632487006215,49.87497653279173,21.05390552730411,0.266115321482431,0
